{
    "file-explorer": true,
    "global-search": true,
    "switcher": true,
    "graph": true,
    "backlink": true,
    "canvas": false,
    "outgoing-link": true,
    "tag-pane": true,
    "page-preview": true,
    "daily-notes": false,
    "templates": false,
    "note-composer": false,
    "command-palette": true,
    "markdown-importer": false,
    "zk-prefixer": false,
    "random-note": false,
    "outline": true,
    "word-count": true,
    "slides": false,
    "audio-recorder": false,
    "workspaces": false,
    "file-recovery": true,
    "publish": false,
    "sync": false
}